{
  "properties": {
    "connectionReferences": {
      "shared_sharepointonline": {
        "api": {
          "name": "shared_sharepointonline"
        },
        "connection": {
          "connectionReferenceLogicalName": "new_sharedsharepointonline_5172a"
        },
        "runtimeSource": "embedded"
      },
      "shared_office365": {
        "api": {
          "name": "shared_office365"
        },
        "connection": {
          "connectionReferenceLogicalName": "new_sharedoffice365_8060d"
        },
        "runtimeSource": "embedded"
      }
    },
    "definition": {
      "$schema": "https://schema.management.azure.com/providers/Microsoft.Logic/schemas/2016-06-01/workflowdefinition.json#",
      "contentVersion": "undefined",
      "parameters": {
        "$authentication": {
          "defaultValue": {},
          "type": "SecureObject"
        },
        "$connections": {
          "defaultValue": {},
          "type": "Object"
        }
      },
      "triggers": {
        "manual": {
          "type": "Request",
          "kind": "PowerAppV2",
          "inputs": {
            "schema": {
              "type": "object",
              "properties": {
                "text": {
                  "description": "Please enter your input",
                  "title": "CQName",
                  "type": "string",
                  "x-ms-content-hint": "TEXT",
                  "x-ms-dynamically-added": true
                },
                "text_2": {
                  "description": "Please enter your input",
                  "title": "PBRValue",
                  "type": "string",
                  "x-ms-content-hint": "TEXT",
                  "x-ms-dynamically-added": true
                },
                "text_3": {
                  "description": "Please enter your input",
                  "title": "WelcomeGreeting",
                  "type": "string",
                  "x-ms-content-hint": "TEXT",
                  "x-ms-dynamically-added": true
                },
                "text_4": {
                  "description": "Please enter your input",
                  "title": "WelcomeText",
                  "type": "string",
                  "x-ms-content-hint": "TEXT",
                  "x-ms-dynamically-added": true
                },
                "text_5": {
                  "description": "Please enter your input",
                  "title": "RoutingMethod",
                  "type": "string",
                  "x-ms-content-hint": "TEXT",
                  "x-ms-dynamically-added": true
                },
                "text_6": {
                  "description": "Please enter your input",
                  "title": "OptOut",
                  "type": "string",
                  "x-ms-content-hint": "TEXT",
                  "x-ms-dynamically-added": true
                },
                "text_7": {
                  "description": "Please enter your input",
                  "title": "AgentAlertTime",
                  "type": "string",
                  "x-ms-content-hint": "TEXT",
                  "x-ms-dynamically-added": true
                },
                "text_8": {
                  "description": "Please enter your input",
                  "title": "TimeoutGreeting",
                  "type": "string",
                  "x-ms-content-hint": "TEXT",
                  "x-ms-dynamically-added": true
                },
                "text_9": {
                  "description": "Please enter your input",
                  "title": "TimeoutText",
                  "type": "string",
                  "x-ms-content-hint": "TEXT",
                  "x-ms-dynamically-added": true
                },
                "text_10": {
                  "description": "Please enter your input",
                  "title": "TimeoutValue",
                  "type": "string",
                  "x-ms-content-hint": "TEXT",
                  "x-ms-dynamically-added": true
                },
                "text_11": {
                  "description": "Please enter your input",
                  "title": "OverflowGreeting",
                  "type": "string",
                  "x-ms-content-hint": "TEXT",
                  "x-ms-dynamically-added": true
                },
                "text_12": {
                  "description": "Please enter your input",
                  "title": "OverflowText",
                  "type": "string",
                  "x-ms-content-hint": "TEXT",
                  "x-ms-dynamically-added": true
                },
                "text_13": {
                  "description": "Please enter your input",
                  "title": "OverflowValue",
                  "type": "string",
                  "x-ms-content-hint": "TEXT",
                  "x-ms-dynamically-added": true
                },
                "text_14": {
                  "description": "Please enter your input",
                  "title": "UserEmail",
                  "type": "string",
                  "x-ms-content-hint": "TEXT",
                  "x-ms-dynamically-added": true
                },
                "text_16": {
                  "description": "Please enter your input",
                  "title": "OwnerID",
                  "type": "string",
                  "x-ms-content-hint": "TEXT",
                  "x-ms-dynamically-added": true
                },
                "text_1": {
                  "description": "Please enter your input",
                  "title": "CQID",
                  "type": "string",
                  "x-ms-content-hint": "TEXT",
                  "x-ms-dynamically-added": true
                },
                "text_15": {
                  "description": "Please enter your input",
                  "title": "Time/Date Requested",
                  "type": "string",
                  "x-ms-content-hint": "TEXT",
                  "x-ms-dynamically-added": true
                },
                "text_17": {
                  "description": "Please enter your input",
                  "title": "M365 Group ID",
                  "type": "string",
                  "x-ms-content-hint": "TEXT",
                  "x-ms-dynamically-added": true
                },
                "text_18": {
                  "description": "Please enter your input",
                  "title": "CQ Resource ID",
                  "type": "string",
                  "x-ms-content-hint": "TEXT",
                  "x-ms-dynamically-added": true
                },
                "text_19": {
                  "description": "Please enter your input",
                  "title": "CQ Name Change",
                  "type": "string",
                  "x-ms-content-hint": "TEXT",
                  "x-ms-dynamically-added": true
                },
                "number": {
                  "description": "Please enter a number",
                  "title": "SharePoint List ID",
                  "type": "number",
                  "x-ms-content-hint": "NUMBER",
                  "x-ms-dynamically-added": true
                }
              },
              "required": [
                "text",
                "text_2",
                "text_3",
                "text_4",
                "text_5",
                "text_6",
                "text_7",
                "text_8",
                "text_9",
                "text_10",
                "text_11",
                "text_12",
                "text_13",
                "text_14",
                "text_16",
                "text_1",
                "text_15",
                "text_17",
                "text_18",
                "text_19",
                "number"
              ]
            }
          },
          "metadata": {
            "operationMetadataId": "b0ebf92f-4b0b-4619-9c2e-8dfa9f69c7e1"
          }
        }
      },
      "actions": {
        "Add_Item_to_Amendments_list": {
          "type": "OpenApiConnection",
          "inputs": {
            "parameters": {
              "dataset": "https://ukhodev.sharepoint.com/sites/VV-CallQueues",
              "table": "2b40ca5f-557b-447f-87da-4e1c2c55abba",
              "item/CQName": "@triggerBody()?['text']",
              "item/PresenceBasedRouting": "@triggerBody()?['text_2']",
              "item/TimeoutThreshold": "@triggerBody()?['text_10']",
              "item/TimeoutGreeting": "@triggerBody()?['text_9']",
              "item/OverflowThreshold": "@triggerBody()?['text_13']",
              "item/RoutingMethod": "@triggerBody()?['text_5']",
              "item/AllowOptOut": "@triggerBody()?['text_6']",
              "item/AgentAlertTime": "@triggerBody()?['text_7']",
              "item/WelcomeTextSpeech": "@triggerBody()?['text_4']",
              "item/Owner": "@triggerBody()?['text_14']",
              "item/OverflowGreeting": "@triggerBody()?['text_12']",
              "item/OverflowValue": "@triggerBody()?['text_11']",
              "item/TimeoutValue": "@triggerBody()?['text_8']",
              "item/CQOwnerID": "@triggerBody()?['text_16']",
              "item/WelcomeValue": "@triggerBody()?['text_3']",
              "item/Status": "Requested",
              "item/Date_x002f_TimeRequestSubmitted": "@triggerBody()?['text_15']",
              "item/CallQueueID": "@triggerBody()?['text_1']",
              "item/M365GroupID": "@triggerBody()?['text_17']",
              "item/CQResourceID": "@triggerBody()?['text_18']",
              "item/CQNameChange": "@triggerBody()?['text_19']",
              "item/SharePointListID": "@triggerBody()?['number']"
            },
            "host": {
              "apiId": "/providers/Microsoft.PowerApps/apis/shared_sharepointonline",
              "operationId": "PostItem",
              "connectionName": "shared_sharepointonline"
            }
          },
          "runAfter": {},
          "metadata": {
            "operationMetadataId": "0f178b00-a3ca-48e4-a56d-c799c353067d"
          }
        },
        "Create_Request_ID": {
          "type": "InitializeVariable",
          "inputs": {
            "variables": [
              {
                "name": "RequestID",
                "type": "string",
                "value": "CQAS000@{outputs('Add_Item_to_Amendments_list')?['body/ID']}"
              }
            ]
          },
          "runAfter": {
            "Add_Item_to_Amendments_list": [
              "Succeeded"
            ]
          },
          "metadata": {
            "operationMetadataId": "8c603a89-baa6-4de9-b9aa-b4fb05b41348"
          }
        },
        "Update_item": {
          "type": "OpenApiConnection",
          "inputs": {
            "parameters": {
              "dataset": "https://ukhodev.sharepoint.com/sites/VV-CallQueues",
              "table": "2b40ca5f-557b-447f-87da-4e1c2c55abba",
              "id": "@outputs('Add_Item_to_Amendments_list')?['body/ID']",
              "item/RequestID": "@variables('RequestID')"
            },
            "host": {
              "apiId": "/providers/Microsoft.PowerApps/apis/shared_sharepointonline",
              "operationId": "PatchItem",
              "connectionName": "shared_sharepointonline"
            }
          },
          "runAfter": {
            "Create_Request_ID": [
              "Succeeded"
            ]
          },
          "metadata": {
            "operationMetadataId": "8c3c732d-43b9-4233-8f85-fa5f99c5f88a"
          }
        },
        "Send_an_email_(V2)": {
          "type": "OpenApiConnection",
          "inputs": {
            "parameters": {
              "emailMessage/To": "@triggerBody()?['text_14']",
              "emailMessage/Subject": "Call Queue Amendment Request - @{variables('RequestID')}",
              "emailMessage/Body": "<p class=\"editor-paragraph\">Hi,<br><br>Thanks for submitting a request to amend your MS Teams Call Queue. Your request reference is @{variables('RequestID')}.<br><br>You will receive a further email once the request has been processed.<br>Thanks,<br><br>Voice and Video Team</p>",
              "emailMessage/Importance": "Normal"
            },
            "host": {
              "apiId": "/providers/Microsoft.PowerApps/apis/shared_office365",
              "operationId": "SendEmailV2",
              "connectionName": "shared_office365"
            }
          },
          "runAfter": {
            "Update_item": [
              "Succeeded"
            ]
          }
        }
      }
    },
    "templateName": null
  },
  "schemaVersion": "1.0.0.0"
}