{
  "properties": {
    "connectionReferences": {
      "shared_sharepointonline-1": {
        "api": {
          "name": "shared_sharepointonline"
        },
        "connection": {
          "connectionReferenceLogicalName": "new_sharedsharepointonline_665ee"
        },
        "runtimeSource": "embedded"
      },
      "shared_sharepointonline": {
        "api": {
          "name": "shared_sharepointonline"
        },
        "connection": {
          "connectionReferenceLogicalName": "new_sharedsharepointonline_5172a"
        },
        "runtimeSource": "embedded"
      },
      "shared_office365": {
        "api": {
          "name": "shared_office365"
        },
        "connection": {
          "connectionReferenceLogicalName": "new_sharedoffice365_8060d"
        },
        "runtimeSource": "embedded"
      }
    },
    "definition": {
      "$schema": "https://schema.management.azure.com/providers/Microsoft.Logic/schemas/2016-06-01/workflowdefinition.json#",
      "contentVersion": "1.0.0.0",
      "parameters": {
        "$authentication": {
          "defaultValue": {},
          "type": "SecureObject"
        },
        "$connections": {
          "defaultValue": {},
          "type": "Object"
        }
      },
      "triggers": {
        "manual": {
          "type": "Request",
          "kind": "PowerAppV2",
          "inputs": {
            "schema": {
              "type": "object",
              "properties": {
                "text": {
                  "title": "CQName",
                  "type": "string",
                  "x-ms-dynamically-added": true,
                  "description": "Please enter your input",
                  "x-ms-content-hint": "TEXT"
                },
                "text_1": {
                  "title": "CQAgentsNames",
                  "type": "string",
                  "x-ms-dynamically-added": true,
                  "description": "Please enter your input",
                  "x-ms-content-hint": "TEXT"
                },
                "text_2": {
                  "title": "PBRValue",
                  "type": "string",
                  "x-ms-dynamically-added": true,
                  "description": "Please enter your input",
                  "x-ms-content-hint": "TEXT"
                },
                "text_3": {
                  "title": "WelcomeGreeting",
                  "type": "string",
                  "x-ms-dynamically-added": true,
                  "description": "Please enter your input",
                  "x-ms-content-hint": "TEXT"
                },
                "text_4": {
                  "title": "WelcomeText",
                  "type": "string",
                  "x-ms-dynamically-added": true,
                  "description": "Please enter your input",
                  "x-ms-content-hint": "TEXT"
                },
                "text_5": {
                  "title": "RoutingMethod",
                  "type": "string",
                  "x-ms-dynamically-added": true,
                  "description": "Please enter your input",
                  "x-ms-content-hint": "TEXT"
                },
                "text_6": {
                  "title": "OptOut",
                  "type": "string",
                  "x-ms-dynamically-added": true,
                  "description": "Please enter your input",
                  "x-ms-content-hint": "TEXT"
                },
                "text_7": {
                  "title": "AgentAlertTime",
                  "type": "string",
                  "x-ms-dynamically-added": true,
                  "description": "Please enter your input",
                  "x-ms-content-hint": "TEXT"
                },
                "text_8": {
                  "title": "TimeoutGreeting",
                  "type": "string",
                  "x-ms-dynamically-added": true,
                  "description": "Please enter your input",
                  "x-ms-content-hint": "TEXT"
                },
                "text_9": {
                  "title": "TimeoutText",
                  "type": "string",
                  "x-ms-dynamically-added": true,
                  "description": "Please enter your input",
                  "x-ms-content-hint": "TEXT"
                },
                "text_10": {
                  "title": "TimeoutValue",
                  "type": "string",
                  "x-ms-dynamically-added": true,
                  "description": "Please enter your input",
                  "x-ms-content-hint": "TEXT"
                },
                "text_11": {
                  "title": "OverflowGreeting",
                  "type": "string",
                  "x-ms-dynamically-added": true,
                  "description": "Please enter your input",
                  "x-ms-content-hint": "TEXT"
                },
                "text_12": {
                  "title": "OverflowText",
                  "type": "string",
                  "x-ms-dynamically-added": true,
                  "description": "Please enter your input",
                  "x-ms-content-hint": "TEXT"
                },
                "text_13": {
                  "title": "OverflowValue",
                  "type": "string",
                  "x-ms-dynamically-added": true,
                  "description": "Please enter your input",
                  "x-ms-content-hint": "TEXT"
                },
                "text_14": {
                  "title": "UserEmail",
                  "type": "string",
                  "x-ms-dynamically-added": true,
                  "description": "Please enter your input",
                  "x-ms-content-hint": "TEXT"
                },
                "text_15": {
                  "title": "CQAgentsIDs",
                  "type": "string",
                  "x-ms-dynamically-added": true,
                  "description": "Please enter your input",
                  "x-ms-content-hint": "TEXT"
                },
                "text_16": {
                  "title": "OwnerID",
                  "type": "string",
                  "x-ms-dynamically-added": true,
                  "description": "Please enter your input",
                  "x-ms-content-hint": "TEXT"
                },
                "text_17": {
                  "title": "Request Date",
                  "type": "string",
                  "x-ms-dynamically-added": true,
                  "description": "Please enter your input",
                  "x-ms-content-hint": "TEXT"
                }
              },
              "required": [
                "text",
                "text_1",
                "text_2",
                "text_3",
                "text_4",
                "text_5",
                "text_6",
                "text_7",
                "text_8",
                "text_9",
                "text_10",
                "text_11",
                "text_12",
                "text_13",
                "text_14",
                "text_15",
                "text_16",
                "text_17"
              ]
            }
          },
          "metadata": {
            "operationMetadataId": "353c66e6-c92a-4f3e-99d2-5e1657300549"
          }
        }
      },
      "actions": {
        "Add_Item_to_CQ_Request_List": {
          "type": "OpenApiConnection",
          "inputs": {
            "parameters": {
              "dataset": "https://ukhodev.sharepoint.com/sites/VV-CallQueues",
              "table": "f53ea255-2616-42b0-b4b2-264b19f3a8f9",
              "item/CQName": "@triggerBody()['text']",
              "item/PresenceBasedRouting": "@triggerBody()['text_2']",
              "item/CQAgents": "@triggerBody()['text_1']",
              "item/TimeoutThreshold": "@triggerBody()['text_10']",
              "item/TimeoutGreeting": "@triggerBody()['text_9']",
              "item/OverflowThreshold": "@triggerBody()['text_13']",
              "item/RoutingMethod": "@triggerBody()['text_5']",
              "item/AllowOptOut": "@triggerBody()['text_6']",
              "item/AgentAlertTime": "@triggerBody()['text_7']",
              "item/WelcomeTextSpeech": "@triggerBody()['text_4']",
              "item/Owner": "@triggerBody()['text_14']",
              "item/OverflowGreeting": "@triggerBody()['text_12']",
              "item/OverflowValue": "@triggerBody()['text_11']",
              "item/TimeoutValue": "@triggerBody()['text_8']",
              "item/CQOwnerID": "@triggerBody()['text_16']",
              "item/CQAgentIDs": "@triggerBody()['text_15']",
              "item/WelcomeValue": "@triggerBody()['text_3']",
              "item/Date_x002f_TimeRequestSubmitted": "@triggerBody()['text_17']",
              "item/Status": "Requested"
            },
            "host": {
              "apiId": "/providers/Microsoft.PowerApps/apis/shared_sharepointonline",
              "operationId": "PostItem",
              "connectionName": "shared_sharepointonline-1"
            }
          },
          "runAfter": {},
          "metadata": {
            "operationMetadataId": "9c4a8e34-efcd-4cba-b553-9165cb8c6239"
          }
        },
        "Create_RequestID": {
          "type": "InitializeVariable",
          "inputs": {
            "variables": [
              {
                "name": "Request ID",
                "type": "string",
                "value": "CQRE000@{outputs('Add_Item_to_CQ_Request_List')?['body/ID']}"
              }
            ]
          },
          "runAfter": {
            "Add_Item_to_CQ_Request_List": [
              "Succeeded"
            ]
          },
          "metadata": {
            "operationMetadataId": "3292e4bb-6eb2-4d5d-a964-39fd158917ef"
          }
        },
        "Add_Request_ID": {
          "type": "OpenApiConnection",
          "inputs": {
            "parameters": {
              "dataset": "https://ukhodev.sharepoint.com/sites/VV-CallQueues",
              "table": "f53ea255-2616-42b0-b4b2-264b19f3a8f9",
              "id": "@outputs('Add_Item_to_CQ_Request_List')?['body/ID']",
              "item/RequestID": "@variables('Request ID')"
            },
            "host": {
              "apiId": "/providers/Microsoft.PowerApps/apis/shared_sharepointonline",
              "operationId": "PatchItem",
              "connectionName": "shared_sharepointonline"
            }
          },
          "runAfter": {
            "Create_RequestID": [
              "Succeeded"
            ]
          },
          "metadata": {
            "operationMetadataId": "8573e9a4-d467-4c0c-98a7-251e598ac2d1"
          }
        },
        "Send_an_email_(V2)": {
          "type": "OpenApiConnection",
          "inputs": {
            "parameters": {
              "emailMessage/To": "@triggerBody()?['text_14']",
              "emailMessage/Subject": "Call Queue Request - @{variables('Request ID')}",
              "emailMessage/Body": "<p class=\"editor-paragraph\">Hi,<br><br>Thanks for submitting a request to create a new MS Teams Call Queue. Your request reference is @{variables('Request ID')}.<br><br>You will receive a further email once the request has been processed.<br><br>Thanks,<br>Voice and Video Team</p>",
              "emailMessage/Importance": "Normal"
            },
            "host": {
              "apiId": "/providers/Microsoft.PowerApps/apis/shared_office365",
              "operationId": "SendEmailV2",
              "connectionName": "shared_office365"
            }
          },
          "runAfter": {
            "Add_Request_ID": [
              "Succeeded"
            ]
          },
          "metadata": {
            "operationMetadataId": "ad140f39-6474-4990-a65a-8647e630be18"
          }
        }
      }
    },
    "templateName": null
  },
  "schemaVersion": "1.0.0.0"
}