{
  "properties": {
    "connectionReferences": {
      "shared_sharepointonline-1": {
        "api": {
          "name": "shared_sharepointonline"
        },
        "connection": {
          "connectionReferenceLogicalName": "new_sharedsharepointonline_5172a"
        },
        "runtimeSource": "embedded"
      },
      "shared_office365": {
        "api": {
          "name": "shared_office365"
        },
        "connection": {
          "connectionReferenceLogicalName": "new_sharedoffice365_8060d"
        },
        "runtimeSource": "embedded"
      }
    },
    "definition": {
      "$schema": "https://schema.management.azure.com/providers/Microsoft.Logic/schemas/2016-06-01/workflowdefinition.json#",
      "contentVersion": "undefined",
      "parameters": {
        "$authentication": {
          "defaultValue": {},
          "type": "SecureObject"
        },
        "$connections": {
          "defaultValue": {},
          "type": "Object"
        }
      },
      "triggers": {
        "manual": {
          "type": "Request",
          "kind": "PowerAppV2",
          "inputs": {
            "schema": {
              "type": "object",
              "properties": {
                "text": {
                  "description": "Please enter your input",
                  "title": "Call Queue ID",
                  "type": "string",
                  "x-ms-content-hint": "TEXT",
                  "x-ms-dynamically-added": true
                },
                "text_1": {
                  "description": "Please enter your input",
                  "title": "M365 Group ID",
                  "type": "string",
                  "x-ms-content-hint": "TEXT",
                  "x-ms-dynamically-added": true
                },
                "text_2": {
                  "description": "Please enter your input",
                  "title": "Request Date/Time",
                  "type": "string",
                  "x-ms-content-hint": "TEXT",
                  "x-ms-dynamically-added": true
                },
                "text_3": {
                  "description": "Please enter your input",
                  "title": "Requester",
                  "type": "string",
                  "x-ms-content-hint": "TEXT",
                  "x-ms-dynamically-added": true
                },
                "text_4": {
                  "description": "Please enter your input",
                  "title": "Resource Account ID",
                  "type": "string",
                  "x-ms-content-hint": "TEXT",
                  "x-ms-dynamically-added": true
                },
                "text_5": {
                  "description": "Please enter your input",
                  "title": "Phone Number",
                  "type": "string",
                  "x-ms-content-hint": "TEXT",
                  "x-ms-dynamically-added": true
                },
                "number": {
                  "description": "Please enter a number",
                  "title": "SharePoint ID",
                  "type": "number",
                  "x-ms-content-hint": "NUMBER",
                  "x-ms-dynamically-added": true
                }
              },
              "required": [
                "text",
                "text_1",
                "text_2",
                "text_3",
                "text_4",
                "text_5",
                "number"
              ]
            }
          },
          "metadata": {
            "operationMetadataId": "5eaac677-7cac-4580-9677-34938f1e9446"
          }
        }
      },
      "actions": {
        "Add_Item_to_SharePoint_List": {
          "type": "OpenApiConnection",
          "inputs": {
            "parameters": {
              "dataset": "https://ukhodev.sharepoint.com/sites/VV-CallQueues",
              "table": "fc9d059e-d833-43d2-95d8-4c07fa566983",
              "item/CallQueueID": "@triggerBody()?['text']",
              "item/M365GroupID": "@triggerBody()?['text_1']",
              "item/Date_x002f_TimeSubmitted": "@triggerBody()?['text_2']",
              "item/Requester/Claims": "@triggerBody()?['text_3']",
              "item/Status": "Requested",
              "item/ResourceAccountID": "@triggerBody()?['text_4']",
              "item/PhoneNumber": "@triggerBody()?['text_5']",
              "item/SharePointListID": "@triggerBody()?['number']"
            },
            "host": {
              "apiId": "/providers/Microsoft.PowerApps/apis/shared_sharepointonline",
              "operationId": "PostItem",
              "connectionName": "shared_sharepointonline-1"
            }
          },
          "runAfter": {},
          "metadata": {
            "operationMetadataId": "d01c9983-5a75-490e-91c8-58fb94fc4653"
          }
        },
        "Create_Request_ID": {
          "type": "InitializeVariable",
          "inputs": {
            "variables": [
              {
                "name": "RequestID",
                "type": "string",
                "value": "CQDE000@{outputs('Add_Item_to_SharePoint_List')?['body/ID']}"
              }
            ]
          },
          "runAfter": {
            "Add_Item_to_SharePoint_List": [
              "Succeeded"
            ]
          },
          "metadata": {
            "operationMetadataId": "718a33ca-1966-4dea-bc5c-97ec1cd10186"
          }
        },
        "Update_item": {
          "type": "OpenApiConnection",
          "inputs": {
            "parameters": {
              "dataset": "https://ukhodev.sharepoint.com/sites/VV-CallQueues",
              "table": "fc9d059e-d833-43d2-95d8-4c07fa566983",
              "id": "@outputs('Add_Item_to_SharePoint_List')?['body/ID']",
              "item/RequestID": "@variables('RequestID')"
            },
            "host": {
              "apiId": "/providers/Microsoft.PowerApps/apis/shared_sharepointonline",
              "operationId": "PatchItem",
              "connectionName": "shared_sharepointonline-1"
            }
          },
          "runAfter": {
            "Create_Request_ID": [
              "Succeeded"
            ]
          },
          "metadata": {
            "operationMetadataId": "2023149b-cf09-4693-a90f-9a4ad60629b5"
          }
        },
        "Send_an_email_(V2)": {
          "type": "OpenApiConnection",
          "inputs": {
            "parameters": {
              "emailMessage/To": "@triggerBody()?['text_3']",
              "emailMessage/Subject": "Call Queue Deletion - @{variables('RequestID')}",
              "emailMessage/Body": "<p class=\"editor-paragraph\">Hi,<br><br>Thanks for your request to delete an MS Teams Call Queue. Your request number is @{variables('RequestID')}.<br><br>Your request will now be processed and you'll get an email once it has been completed.<br><br>Thanks,<br><br>Voice and Video Team</p>",
              "emailMessage/Importance": "Normal"
            },
            "host": {
              "apiId": "/providers/Microsoft.PowerApps/apis/shared_office365",
              "operationId": "SendEmailV2",
              "connectionName": "shared_office365"
            }
          },
          "runAfter": {
            "Update_item": [
              "Succeeded"
            ]
          },
          "metadata": {
            "operationMetadataId": "e9efddf2-b91e-446d-b14d-9d578570567a"
          }
        }
      }
    },
    "templateName": null
  },
  "schemaVersion": "1.0.0.0"
}