{
  "properties": {
    "connectionReferences": {
      "shared_sharepointonline": {
        "api": {
          "name": "shared_sharepointonline"
        },
        "connection": {
          "connectionReferenceLogicalName": "new_sharedsharepointonline_665ee"
        },
        "runtimeSource": "embedded"
      }
    },
    "definition": {
      "$schema": "https://schema.management.azure.com/providers/Microsoft.Logic/schemas/2016-06-01/workflowdefinition.json#",
      "contentVersion": "undefined",
      "parameters": {
        "$authentication": {
          "defaultValue": {},
          "type": "SecureObject"
        },
        "$connections": {
          "defaultValue": {},
          "type": "Object"
        }
      },
      "triggers": {
        "manual": {
          "type": "Request",
          "kind": "PowerAppV2",
          "inputs": {
            "schema": {
              "type": "object",
              "properties": {},
              "required": []
            }
          }
        }
      },
      "actions": {
        "Initialize_variable": {
          "type": "InitializeVariable",
          "inputs": {
            "variables": [
              {
                "name": "HTMLContent",
                "type": "string",
                "value": "@body('Get_HTML_file_contents')"
              }
            ]
          },
          "runAfter": {
            "Get_HTML_file_contents": [
              "Succeeded"
            ]
          }
        },
        "Respond_to_a_Power_App_or_flow": {
          "type": "Response",
          "kind": "PowerApp",
          "inputs": {
            "schema": {
              "type": "object",
              "properties": {
                "html": {
                  "title": "HTML",
                  "type": "string",
                  "x-ms-content-hint": "TEXT",
                  "x-ms-dynamically-added": true
                }
              },
              "additionalProperties": {}
            },
            "statusCode": 200,
            "body": {
              "html": "@{variables('HTMLContent')}"
            }
          },
          "runAfter": {
            "Initialize_variable": [
              "Succeeded"
            ]
          }
        },
        "Get_HTML_file_contents": {
          "type": "OpenApiConnection",
          "inputs": {
            "parameters": {
              "dataset": "https://ukhodev.sharepoint.com/sites/VV-CallQueues/",
              "id": "%252fShared%2bDocuments%252fCQ-AccessibilityStatement.html",
              "inferContentType": true
            },
            "host": {
              "apiId": "/providers/Microsoft.PowerApps/apis/shared_sharepointonline",
              "operationId": "GetFileContent",
              "connectionName": "shared_sharepointonline"
            }
          },
          "runAfter": {},
          "metadata": {
            "%252fShared%2bDocuments%252f2%2bSmall%2bMeetings%252fTeams%2bCall%2bQueue%2bImprovements%2b2025%252fTech%2bDocuments%252fCQ-AccessibilityStatement.html": "/Shared Documents/2 Small Meetings/Teams Call Queue Improvements 2025/Tech Documents/CQ-AccessibilityStatement.html",
            "%252fShared%2bDocuments%252fCQ-AccessibilityStatement.html": "/Shared Documents/CQ-AccessibilityStatement.html"
          }
        }
      }
    },
    "templateName": null
  },
  "schemaVersion": "1.0.0.0"
}